Timestamp,What track are you in?,How would you rate your overall satisfaction with the Summer Academy this week?,How well is the schedule paced?
7/22/2016 16:15:37,Games,3,2
7/22/2016 16:16:07,Intro,4,3
7/22/2016 16:16:20,Intro,5,3
7/22/2016 16:17:04,Games,4,3
7/22/2016 16:17:09,Intro,4,3
7/22/2016 16:18:23,Games,4,3
7/22/2016 16:18:45,Intro,5,3
7/22/2016 16:19:58,Games,4,4
7/22/2016 16:20:25,Games,5,4
7/22/2016 16:20:30,Intro,5,3
7/22/2016 16:23:12,Games,4,3
7/22/2016 16:23:19,Games,4,3